{"cameraMode":{"drawMode":0,"name":"Shaded","section":"Shading Mode"},"sceneLighting":false,"audioPlay":false,"sceneViewState":{"showFog":false,"showMaterialUpdate":false,"showSkybox":false,"showFlares":false,"showImageEffects":false,"showParticleSystems":false,"showVisualEffectGraphs":true,"m_FxEnabled":true},"in2DMode":false,"pivot":{"x":3.7123024463653566,"y":0.5032088756561279,"z":0.24267637729644776},"rotation":{"x":0.22997188568115235,"y":0.14966066181659699,"z":-0.03581561893224716,"w":0.9609563946723938},"size":1.8807263374328614,"orthographic":false}